timestamp,close,return,prediction,strategy,buys,sells,human-return,human-strategy
2021-05-28 13:38:00+00:00,261.97,1.0036372608138975,1,1.0036372608138975,,261.97,0.3637260813897427,0.3637260813897427
2021-05-28 13:39:00+00:00,263.4479,1.0092992660349414,1,1.0092992660349414,,263.4479,0.9299266034941382,0.9299266034941382
2021-05-28 13:40:00+00:00,262.99,1.0075449983641138,-1,1.0110565881153146,262.99,,0.7544998364113837,1.1056588115314696
2021-05-28 13:41:00+00:00,262.16,1.0043651727105065,-1,1.0142575988268485,262.16,,0.4365172710506471,1.4257598826848579
2021-05-28 13:42:00+00:00,259.4285,0.9939004814179416,-1,1.0249366284292074,259.4285,,-0.6099518582058323,2.4936628429207417
2021-05-28 13:43:00+00:00,258.47,0.990228357455312,-1,1.0287374631812072,258.47,,-0.9771642544688035,2.8737463181207232
2021-05-28 13:44:00+00:00,260.7201,0.9988487498687842,1,1.037693095037531,,260.7201,-0.11512501312157042,3.7693095037530924
2021-05-28 13:45:00+00:00,260.0,0.9960899637806364,-1,1.040567105798056,260.0,,-0.3910036219363633,4.056710579805582
2021-05-28 13:46:00+00:00,261.0,0.9999210790259466,1,1.0445692869742023,,261.0,-0.00789209740533181,4.456928697420224
2021-05-28 13:47:00+00:00,260.76,0.9990016113670721,-1,1.0455306945093834,260.76,,-0.09983886329278846,4.553069450938338
2021-05-28 13:48:00+00:00,259.0,0.9922588485353263,-1,1.0526354590743892,259.0,,-0.7741151464673663,5.26354590743891
2021-05-28 13:49:00+00:00,259.9054,0.9957275402784301,1,1.0563152125286206,,259.9054,-0.4272459721569817,5.631521252862058
2021-05-28 13:50:00+00:00,263.31,1.008770955242613,1,1.0701522885284842,,263.31,0.8770955242612928,7.0152288528484235
2021-05-28 13:51:00+00:00,263.15,1.0081579768033633,-1,1.0708029606400729,263.15,,0.8157976803363312,7.080296064007285
2021-05-28 13:52:00+00:00,260.3421,0.997400588306057,-1,1.0823520248643426,260.3421,,-0.25994116939429546,8.235202486434261
2021-05-28 13:53:00+00:00,259.6,0.9945575176825123,-1,1.085446067382262,259.6,,-0.5442482317487674,8.544606738226193
2021-05-28 13:54:00+00:00,258.51,0.9903816020651242,-1,1.0900228195908677,258.51,,-0.9618397934875844,9.002281959086773
2021-05-28 13:55:00+00:00,261.1096,1.0003409692568326,1,1.1009841879008302,,261.1096,0.03409692568325795,10.098418790083016
2021-05-28 13:56:00+00:00,259.62,0.9946341399874186,-1,1.1073012129616773,259.62,,-0.5365860012581436,10.730121296167724
2021-05-28 13:57:00+00:00,256.73,0.9835622169284722,-1,1.1197660612671314,256.73,,-1.6437783071527718,11.976606126713136
2021-05-28 13:58:00+00:00,256.0,0.9807655027993959,-1,1.1229591441762135,256.0,,-1.923449720060404,12.295914417621347
2021-05-28 13:59:00+00:00,257.16,0.9852095964839557,1,1.128047552798262,,257.16,-1.4790403516044393,12.80475527982621
2021-05-28 14:00:00+00:00,256.7,0.9834472834711129,-1,1.1300689858885902,256.7,,-1.6552716528887146,13.006898588859016
2021-05-28 14:01:00+00:00,258.0,0.9884277332900162,1,1.1357919686764952,,258.0,-1.1572266709983836,13.579196867649529
2021-05-28 14:02:00+00:00,260.54,0.998158766013104,1,1.146973796585171,,260.54,-0.18412339868959293,14.697379658517093
2021-05-28 14:03:00+00:00,260.615,0.9984460996565023,-1,1.1466437195184482,260.615,,-0.1553900343497645,14.664371951844828
2021-05-28 14:04:00+00:00,258.7437,0.9912769336979533,-1,1.1549365374395606,258.7437,,-0.8723066302046618,15.49365374395606
2021-05-28 14:05:00+00:00,257.37,0.9860141306854708,-1,1.161100955675877,257.37,,-1.3985869314529111,16.110095567587692
2021-05-28 14:06:00+00:00,256.7,0.983447283471113,-1,1.1641314879715638,256.7,,-1.6552716528887004,16.41314879715638
2021-05-28 14:07:00+00:00,256.49,0.9826427492695979,-1,1.1650846152376328,256.49,,-1.7357250730402,16.508461523763287
2021-05-28 14:08:00+00:00,258.0,0.9884277332900161,1,1.1719436653721753,,258.0,-1.1572266709983836,17.194366537217533
2021-05-28 14:09:00+00:00,258.06,0.9886576002047347,-1,1.171671183701547,258.06,,-1.1342399795265266,17.167118370154697
2021-05-28 14:10:00+00:00,256.74,0.9836005280809252,-1,1.1776952000701926,256.74,,-1.6399471919074813,17.769520007019253
2021-05-28 14:11:00+00:00,256.57,0.9829492384892224,-1,1.1784755258448816,256.57,,-1.705076151077762,17.847552584488156
2021-05-28 14:12:00+00:00,254.275,0.9741568290012358,-1,1.1891120466660947,254.275,,-2.584317099876415,18.91120466660948
2021-05-28 14:13:00+00:00,251.4,0.9631423726709691,-1,1.20271068284018,251.4,,-3.685762732903086,20.271068284017986
2021-05-28 14:14:00+00:00,247.57,0.9484692012814313,-1,1.2213170645313294,247.57,,-5.153079871856875,22.131706453132935
2021-05-28 14:15:00+00:00,246.7001,0.945136514129536,-1,1.2256236039872752,246.7001,,-5.486348587046393,22.56236039872752
2021-05-28 14:16:00+00:00,249.12,0.954407429911662,1,1.2376458389166038,,249.12,-4.5592570088337965,23.76458389166038
2021-05-28 14:17:00+00:00,248.03,0.950231514294274,-1,1.2430848340559784,248.03,,-4.976848570572599,24.30848340559784
2021-05-28 14:18:00+00:00,243.8839,0.9343473273756937,-1,1.2642176518864277,243.8839,,-6.565267262430623,26.421765188642766
2021-05-28 14:19:00+00:00,240.25,0.920425437685761,-1,1.2833395687446592,240.25,,-7.957456231423905,28.333956874465912
2021-05-28 14:20:00+00:00,243.75,0.9338343410443465,1,1.3020354625661215,,243.75,-6.616565895565358,30.203546256612157
2021-05-28 14:21:00+00:00,245.29,0.9397342585221242,1,1.3102616558475648,,245.29,-6.026574147787585,31.026165584756484
2021-05-28 14:22:00+00:00,245.33,0.9398875031319366,-1,1.3100480233271479,245.33,,-6.011249686806337,31.004802332714775
2021-05-28 14:23:00+00:00,243.4187,0.9325650925635753,-1,1.3203343932197864,243.4187,,-6.743490743642468,32.03343932197865
2021-05-28 14:24:00+00:00,241.022,0.9233830586551404,-1,1.33346367370136,241.022,,-7.66169413448597,33.34636737013602
2021-05-28 14:25:00+00:00,237.6433,0.9104388695758111,-1,1.3524222292942791,237.6433,,-8.956113042418892,35.242222929427925
2021-05-28 14:26:00+00:00,240.4,0.9210001049725576,1,1.3681105418176935,,240.4,-7.899989502744248,36.81105418176935
2021-05-28 14:27:00+00:00,241.0866,0.9236305486999875,-1,1.3642142460550422,241.0866,,-7.636945130001251,36.42142460550423
2021-05-28 14:28:00+00:00,239.905,0.9191037029261291,-1,1.3709333871864844,239.905,,-8.08962970738709,37.093338718648425
2021-05-28 14:29:00+00:00,237.01,0.9080126242909562,-1,1.3876788922533798,237.01,,-9.198737570904385,38.76788922533797
2021-05-28 14:30:00+00:00,240.5689,0.9216471803374905,1,1.408516031655264,,240.5689,-7.835281966250946,40.8516031655264
2021-05-28 14:31:00+00:00,242.99,0.9309226934579108,1,1.4226914224237321,,242.99,-6.907730654208919,42.26914224237322
2021-05-28 14:32:00+00:00,243.41,0.932531761860941,-1,1.4202365914906647,243.41,,-6.746823813905905,42.023659149066475
2021-05-28 14:33:00+00:00,244.8399,0.9380098735502099,1,1.4285797010678083,,244.8399,-6.199012644979007,42.85797010678084
2021-05-28 14:34:00+00:00,243.9999,0.9347917367441495,-1,1.4334977643493791,243.9999,,-6.520826325585048,43.34977643493792
2021-05-28 14:35:00+00:00,242.88,0.9305012707809267,-1,1.4401075063878133,242.88,,-6.949872921907328,44.01075063878133
2021-05-28 14:36:00+00:00,241.833,0.9264900931190869,-1,1.4463423567150557,241.833,,-7.350990688091315,44.634235671505564
2021-05-28 14:37:00+00:00,245.4648,0.9404039374670043,1,1.468063239188158,,245.4648,-5.959606253299569,46.80632391881579
2021-05-28 14:38:00+00:00,245.03,0.9387381685583436,-1,1.4706682830456408,245.03,,-6.126183144165637,47.06682830456407
2021-05-28 14:39:00+00:00,245.0406,0.938778778379944,-1,1.4706046646746431,245.0406,,-6.12212216200561,47.06046646746432
2021-05-28 14:40:00+00:00,247.01,0.9463237767440577,1,1.4824239665642491,,247.01,-5.36762232559424,48.242396656424916
2021-05-28 14:41:00+00:00,246.0172,0.9425202455285138,-1,1.488406273955785,246.0172,,-5.747975447148619,48.84062739557851
2021-05-28 14:42:00+00:00,246.66,0.9449828864081992,-1,1.4845274628275162,246.66,,-5.501711359180078,48.45274628275163
2021-05-28 14:43:00+00:00,245.344,0.939941138745371,-1,1.4924903155611513,245.344,,-6.005886125462894,49.24903155611514
2021-05-28 14:44:00+00:00,242.3301,0.9283945405075308,-1,1.511052667336972,242.3301,,-7.160545949246924,51.10526673369719
2021-05-28 14:45:00+00:00,243.999,0.934788288740429,1,1.5214591162119515,,243.999,-6.52117112595711,52.145911621195154
2021-05-28 14:46:00+00:00,244.6127,0.9371394441664758,1,1.525285850992091,,244.6127,-6.286055583352422,52.528585099209096
2021-05-28 14:47:00+00:00,243.5,0.9328765622330192,-1,1.5322558122504026,243.5,,-6.712343776698077,53.22558122504026
2021-05-28 14:48:00+00:00,243.083,0.9312789871757249,-1,1.5348843410809192,243.083,,-6.872101282427508,53.48843410809192
2021-05-28 14:49:00+00:00,243.0,0.9309610046103641,-1,1.5354086019875435,243.0,,-6.903899538963586,53.54086019875436
2021-05-28 14:50:00+00:00,242.9279,0.9306847812011773,-1,1.5358643049356335,242.9279,,-6.931521879882268,53.58643049356334
2021-05-28 14:51:00+00:00,244.98,0.9385466127960783,1,1.5488383072637253,,244.98,-6.145338720392175,54.88383072637254
2021-05-28 14:52:00+00:00,247.16,0.9468984440308544,1,1.562620932416125,,247.16,-5.310155596914555,56.26209324161252
2021-05-28 14:53:00+00:00,246.22,0.9432971957002629,-1,1.5685865878318963,246.22,,-5.670280429973701,56.85865878318964
2021-05-28 14:54:00+00:00,246.43,0.944101729901778,-1,1.5672498870103864,246.43,,-5.589827009822201,56.724988701038626
2021-05-28 14:55:00+00:00,246.41,0.9440251075968717,-1,1.5673770936892557,246.41,,-5.597489240312825,56.73770936892558
2021-05-28 14:56:00+00:00,246.2901,0.9435657568789592,-1,1.568140130910538,246.2901,,-5.643424312104088,56.814013091053795
2021-05-28 14:57:00+00:00,244.06,0.935021986770393,-1,1.5824690226008749,244.06,,-6.497801322960697,58.246902260087495
2021-05-28 14:58:00+00:00,243.5,0.9328765622330193,-1,1.5861083764105524,243.5,,-6.712343776698077,58.61083764105524
2021-05-28 14:59:00+00:00,243.3206,0.9321892601580107,-1,1.5872778123018334,243.3206,,-6.781073984198926,58.72778123018335
2021-05-28 15:00:00+00:00,243.68,0.9335661629771751,-1,1.584936759914517,243.68,,-6.643383702282492,58.49367599145171
2021-05-28 15:01:00+00:00,243.49,0.9328382510805663,-1,1.5861735170067333,243.49,,-6.716174891943368,58.61735170067334
2021-05-28 15:02:00+00:00,242.7824,0.9301273539329847,-1,1.5907964895971436,242.7824,,-6.98726460670153,59.07964895971435
2021-05-28 15:03:00+00:00,243.36,0.932340206098676,1,1.5945811298856956,,243.36,-6.765979390132401,59.45811298856955
2021-05-28 15:04:00+00:00,245.28,0.9396959473696714,1,1.607161651620494,,245.28,-6.030405263032861,60.71616516204941
2021-05-28 15:05:00+00:00,247.2,0.9470516886406669,1,1.6197421733552924,,247.2,-5.294831135933308,61.97421733552923
2021-05-28 15:06:00+00:00,247.1042,0.9466846678001662,-1,1.620370132330524,247.1042,,-5.3315332199833705,62.03701323305239
2021-05-28 15:07:00+00:00,246.52,0.944446530273856,-1,1.624210065120186,246.52,,-5.555346972614387,62.42100651201861
2021-05-28 15:08:00+00:00,246.288,0.9435577115369441,-1,1.6257400492652028,246.288,,-5.6442288463055945,62.574004926520274
2021-05-28 15:09:00+00:00,248.07,0.9503847589040867,1,1.6375029803369177,,248.07,-4.961524109591338,63.75029803369176
2021-05-28 15:10:00+00:00,248.0,0.950116580836915,-1,1.637965178758787,248.0,,-4.988341916308499,63.79651787587869
2021-05-28 15:11:00+00:00,247.8834,0.9496698727993117,-1,1.6387356488259368,247.8834,,-5.033012720068825,63.87356488259368
2021-05-28 15:12:00+00:00,246.5001,0.9443702910804742,-1,1.6479318439715813,246.5001,,-5.562970891952574,64.79318439715814
2021-05-28 15:13:00+00:00,247.2299,0.9471662389865015,1,1.6528107899019497,,247.2299,-5.283376101349845,65.28107899019497
2021-05-28 15:14:00+00:00,246.63,0.9448679529508399,-1,1.6568310680224627,246.63,,-5.5132047049160064,65.68310680224627
2021-05-28 15:15:00+00:00,247.6063,0.9486082707648362,1,1.6633897355475422,,247.6063,-5.139172923516384,66.33897355475423
2021-05-28 15:16:00+00:00,245.8,0.9416881272972325,-1,1.6756134169117387,245.8,,-5.831187270276743,67.56134169117388
2021-05-28 15:17:00+00:00,246.8,0.9455192425425427,1,1.6824303958251308,,246.8,-5.448075745745726,68.24303958251306
2021-05-28 15:18:00+00:00,247.5784,0.9485013826494921,-1,1.6771407428501126,247.5784,,-5.149861735050791,67.71407428501126
2021-05-28 15:19:00+00:00,246.2,0.9432205733953566,-1,1.6865305511358337,246.2,,-5.677942660464339,68.65305511358338
2021-05-28 15:20:00+00:00,246.0,0.9424543503462947,-1,1.6879017141855377,246.0,,-5.754564965370534,68.79017141855377
2021-05-28 15:21:00+00:00,245.5,0.9405387927236395,-1,1.69133939588449,245.5,,-5.946120727636057,69.13393958844901
2021-05-28 15:22:00+00:00,245.75,0.941496571534967,-1,1.6896188064685342,245.75,,-5.850342846503295,68.96188064685342
2021-05-28 15:23:00+00:00,245.0401,0.9387768628223214,-1,1.6945137619909652,245.0401,,-6.122313717767852,69.4513761990965
2021-05-28 15:24:00+00:00,245.7584,0.9415287529030276,1,1.699480986682916,,245.7584,-5.8471247096972405,69.94809866829158
2021-05-28 15:25:00+00:00,244.28,0.9358648321243611,-1,1.7097663669461876,244.28,,-6.413516787563893,70.97663669461875
2021-05-28 15:26:00+00:00,244.99,0.9385849239485313,1,1.7147358041515741,,244.99,-6.14150760514687,71.47358041515741
2021-05-28 15:27:00+00:00,245.0,0.9386232351009843,-1,1.7146658149350782,245.0,,-6.1376764899015654,71.46658149350782
2021-05-28 15:28:00+00:00,242.2001,0.9278964955256405,-1,1.7344878249806428,242.2001,,-7.210350447435957,73.44878249806428
2021-05-28 15:29:00+00:00,244.18,0.9354817205998301,1,1.7486666483778222,,244.18,-6.451827940016983,74.86666483778222
2021-05-28 15:30:00+00:00,244.415,0.936382032682478,-1,1.7469853413288734,244.415,,-6.361796731752207,74.69853413288735
2021-05-28 15:31:00+00:00,242.6769,0.9297231712746044,-1,1.759497596190229,242.6769,,-7.027682872539572,75.9497596190229
2021-05-28 15:32:00+00:00,242.68,0.929735047731865,-1,1.7594751203267536,242.68,,-7.026495226813495,75.94751203267535
2021-05-28 15:33:00+00:00,242.5,0.9290454469877091,-1,1.760781122477924,242.5,,-7.095455301229094,76.0781122477924
2021-05-28 15:34:00+00:00,242.53,0.9291603804450683,-1,1.7605633208299862,242.53,,-7.083961955493166,76.05633208299864
2021-05-28 15:35:00+00:00,243.0302,0.9310767042907726,-1,1.7569397638684268,243.0302,,-6.89232957092274,75.69397638684268
2021-05-28 15:36:00+00:00,244.4999,0.9367072943668048,1,1.7675646753854208,,244.4999,-6.329270563319525,76.7564675385421
2021-05-28 15:37:00+00:00,244.0,0.9347921198556743,-1,1.771186009734704,244.0,,-6.5207880144325685,77.11860097347042
2021-05-28 15:38:00+00:00,242.55,0.9292370027499747,-1,1.7817744233158845,242.55,,-7.076299725002528,78.17744233158845
2021-05-28 15:39:00+00:00,240.9399,0.9230685240935008,-1,1.7936812722810453,240.9399,,-7.6931475906499145,79.36812722810453
2021-05-28 15:40:00+00:00,239.27,0.9166709447453575,-1,1.806199633783039,239.27,,-8.332905525464255,80.61996337830391
2021-05-28 15:41:00+00:00,237.88,0.9113456945543763,-1,1.8167537681825618,237.88,,-8.865430544562372,81.67537681825618
2021-05-28 15:42:00+00:00,238.7424,0.9146496483419319,-1,1.8101911783381075,238.7424,,-8.535035165806818,81.01911783381075
2021-05-28 15:43:00+00:00,238.0,0.9118054283838136,-1,1.8158377578792764,238.0,,-8.819457161618644,81.58377578792764
2021-05-28 15:44:00+00:00,237.6862,0.9106032244198354,-1,1.8182350779105716,237.6862,,-8.939677558016456,81.82350779105715
2021-05-28 15:45:00+00:00,236.0,0.9041431978931933,-1,1.8312262134545243,236.0,,-9.585680210680664,83.12262134545244
2021-05-28 15:46:00+00:00,238.27,0.9128398295000473,1,1.8488401266093621,,238.27,-8.716017049995273,84.88401266093621
2021-05-28 15:47:00+00:00,241.0,0.9232987741197439,1,1.870023378993815,,241.0,-7.670122588025606,87.0023378993815
2021-05-28 15:48:00+00:00,240.97,0.9231838406623847,-1,1.8702561909677944,240.97,,-7.681615933761535,87.02561909677945
2021-05-28 15:49:00+00:00,240.25,0.9204254376857613,-1,1.8758611210718394,240.25,,-7.957456231423862,87.58611210718394
2021-05-28 15:50:00+00:00,240.72,0.9222260618510572,-1,1.8721985474306637,240.72,,-7.777393814894282,87.21985474306638
2021-05-28 15:51:00+00:00,241.9786,0.9270479034988045,-1,1.862460706597647,241.9786,,-7.295209650119546,86.24607065976471
2021-05-28 15:52:00+00:00,240.65,0.9219578837838854,-1,1.8727431304280464,240.65,,-7.804211621611458,87.27431304280464
2021-05-28 15:53:00+00:00,239.3699,0.917053673158364,-1,1.8827581677458582,239.3699,,-8.294632684163602,88.27581677458582
2021-05-28 15:54:00+00:00,239.51,0.9175904124042319,-1,1.8816568591604081,239.51,,-8.240958759576813,88.16568591604081
2021-05-28 15:55:00+00:00,238.85,0.9150618763423272,-1,1.8868563296525407,238.85,,-8.493812365767283,88.68563296525406
2021-05-28 15:56:00+00:00,238.88,0.9151768097996864,-1,1.8866193667846174,238.88,,-8.482319020031355,88.66193667846173
2021-05-28 15:57:00+00:00,237.2201,0.9088175416039962,-1,1.8998206068436418,237.2201,,-9.118245839600377,89.98206068436417
2021-05-28 15:58:00+00:00,236.4999,0.9060583724043239,-1,1.9056060249391622,236.4999,,-9.394162759567621,90.5606024939162
2021-05-28 15:59:00+00:00,237.84,0.911192449944564,1,1.916403926477476,,237.84,-8.880755005543591,91.6403926477476
2021-05-28 16:00:00+00:00,236.64,0.9065951116501918,-1,1.9261219991269563,236.64,,-9.340488834980818,92.61219991269562
2021-05-28 16:01:00+00:00,236.02,0.9042198201980997,-1,1.9311817213515925,236.02,,-9.57801798019004,93.11817213515926
2021-05-28 16:02:00+00:00,236.43,0.9057905774486767,-1,1.9278328041001689,236.43,,-9.420942255132331,92.78328041001689
2021-05-28 16:03:00+00:00,236.03,0.9042581313505527,-1,1.9310999020183999,236.03,,-9.574186864944735,93.10999020183999
2021-05-28 16:04:00+00:00,236.9415,0.9077501928966528,1,1.9385574182692566,,236.9415,-9.22498071033472,93.85574182692565
2021-05-28 16:05:00+00:00,236.5446,0.9062296232557892,-1,1.9418101386412756,236.5446,,-9.37703767442109,94.18101386412755
2021-05-28 16:06:00+00:00,237.0,0.9079743131385033,-1,1.9380789135900636,237.0,,-9.202568686149675,93.80789135900636
2021-05-28 16:07:00+00:00,236.8799,0.9075141961975416,-1,1.939061535068383,236.8799,,-9.24858038024584,93.90615350683831
2021-05-28 16:08:00+00:00,234.37,0.8978984800433377,-1,1.9598272070693563,234.37,,-10.210151995666223,95.98272070693562
2021-05-28 16:09:00+00:00,233.0,0.8926498521572628,-1,1.9713506545959016,233.0,,-10.735014784273716,97.13506545959015
2021-05-28 16:10:00+00:00,234.55,0.8985880807874935,1,1.984464789851797,,234.55,-10.141191921250652,98.44647898517971
2021-05-28 16:11:00+00:00,234.8223,0.8996312934687914,-1,1.982163603966655,234.8223,,-10.036870653120857,98.2163603966655
2021-05-28 16:12:00+00:00,235.01,0.900350393800336,-1,1.9805804708724697,235.01,,-9.964960619966405,98.05804708724696
2021-05-28 16:13:00+00:00,234.61,0.898817947702212,-1,1.9839572757330852,234.61,,-10.118205229778795,98.39572757330853
2021-05-28 16:14:00+00:00,234.2,0.8972471904516347,-1,1.9874304716470503,234.2,,-10.275280954836532,98.74304716470505
2021-05-28 16:15:00+00:00,233.99,0.8964426562501197,-1,1.9892141393210783,233.99,,-10.355734374988032,98.92141393210784
2021-05-28 16:16:00+00:00,231.966,0.8886884789936119,-1,2.006570861504441,231.966,,-11.131152100638815,100.65708615044412
2021-05-28 16:17:00+00:00,233.7483,0.8955166756953281,1,2.0219882556331465,,233.7483,-10.44833243046719,102.19882556331464
2021-05-28 16:18:00+00:00,232.06,0.8890486038266711,-1,2.036698773481916,232.06,,-11.09513961733289,103.66987734819162
2021-05-28 16:19:00+00:00,232.06,0.8890486038266711,-1,2.036698773481916,232.06,,-11.09513961733289,103.66987734819162
2021-05-28 16:20:00+00:00,232.0601,0.8890489869381957,-1,2.036697895821873,232.0601,,-11.095101306180439,103.66978958218729
2021-05-28 16:21:00+00:00,231.589,0.88724414854613,-1,2.040840961246922,231.589,,-11.275585145386998,104.0840961246922
2021-05-28 16:22:00+00:00,231.46,0.8867499346794852,-1,2.041978386650883,231.46,,-11.32500653205149,104.19783866508831
2021-05-28 16:23:00+00:00,232.57,0.8910024726017793,1,2.051770990164157,,232.57,-10.899752739822063,105.17709901641572
2021-05-28 16:24:00+00:00,235.3799,0.9017675233295762,1,2.076560392517265,,235.3799,-9.82324766704238,107.6560392517265
2021-05-28 16:25:00+00:00,235.8885,0.903716028543341,-1,2.0720831135671074,235.8885,,-9.6283971456659,107.20831135671074
2021-05-28 16:26:00+00:00,236.6,0.9064418670403792,-1,2.0658519760552605,236.6,,-9.35581329596208,106.58519760552605
2021-05-28 16:27:00+00:00,236.2701,0.9051779821209515,-1,2.0687364907141217,236.2701,,-9.482201787904856,106.87364907141216
2021-05-28 16:28:00+00:00,236.67,0.9067100451075509,-1,2.0652409580203432,236.67,,-9.328995489244903,106.52409580203431
2021-05-28 16:29:00+00:00,237.5899,0.9102342880217117,-1,2.0572447630756807,237.5899,,-8.976571197828832,105.72447630756807
2021-05-28 16:30:00+00:00,236.04,0.9042964425030056,-1,2.0707531669830312,236.04,,-9.570355749699445,107.07531669830311
2021-05-28 16:31:00+00:00,236.63,0.9065568004977385,1,2.0759291726113993,,236.63,-9.34431995022615,107.59291726113992
2021-05-28 16:32:00+00:00,236.64,0.9065951116501916,-1,2.075841447409717,236.64,,-9.340488834980846,107.58414474097168
2021-05-28 16:33:00+00:00,236.0,0.9041431978931932,-1,2.0814708479450648,236.0,,-9.585680210680678,108.14708479450647
2021-05-28 16:34:00+00:00,235.56,0.9024575071852566,-1,2.085358805039206,235.56,,-9.75424928147433,108.53588050392057
2021-05-28 16:35:00+00:00,235.9844,0.9040834324953663,1,2.089115921174622,,235.9844,-9.591656750463372,108.91159211746219
2021-05-28 16:36:00+00:00,236.15,0.9047178651799898,-1,2.087650930293629,236.15,,-9.528213482001021,108.76509302936287
2021-05-28 16:37:00+00:00,236.0,0.9041431978931932,-1,2.0889778270713575,236.0,,-9.585680210680678,108.89778270713575
2021-05-28 16:38:00+00:00,236.76,0.9070548454796288,1,2.095705043802604,,236.76,-9.294515452037118,109.57050438026039
2021-05-28 16:39:00+00:00,236.99,0.9079360019860503,-1,2.0936711514017654,236.99,,-9.206399801394966,109.36711514017654
2021-05-28 16:40:00+00:00,235.8361,0.9035152781044868,-1,2.1039150756423823,235.8361,,-9.648472189551313,110.39150756423822
2021-05-28 16:41:00+00:00,237.91,0.9114606280117354,1,2.1224165242135498,,237.91,-8.853937198826458,112.24165242135498
2021-05-28 16:42:00+00:00,237.9999,0.9118050452722888,-1,2.1216148211644024,237.9999,,-8.819495472771123,112.16148211644023
2021-05-28 16:43:00+00:00,238.2399,0.9127245129311633,-1,2.11947753199882,238.2399,,-8.727548706883667,111.94775319988199
2021-05-28 16:44:00+00:00,239.2999,0.916785495091192,1,2.128907716379852,,239.2999,-8.321450490880807,112.89077163798521
2021-05-28 16:45:00+00:00,238.39,0.9132995633294843,-1,2.1370334478750244,238.39,,-8.670043667051573,113.70334478750243
2021-05-28 16:46:00+00:00,237.98,0.9117288060789072,-1,2.140715201440991,237.98,,-8.827119392109282,114.07152014409911
2021-05-28 16:47:00+00:00,237.37,0.9093918257792679,-1,2.146216470653103,237.37,,-9.060817422073214,114.6216470653103
2021-05-28 16:48:00+00:00,234.8,0.8995458595988209,-1,2.1697078519545445,234.8,,-10.045414040117905,116.97078519545445
2021-05-28 16:49:00+00:00,234.84,0.8996991042086334,-1,2.1693382883619785,234.84,,-10.030089579136657,116.93382883619785
2021-05-28 16:50:00+00:00,233.5314,0.8946857067986205,-1,2.18149423862884,233.5314,,-10.53142932013796,118.14942386288402
2021-05-28 16:51:00+00:00,234.4664,0.8982677995529855,1,2.190228383643677,,234.4664,-10.173220044701452,119.02283836436771
2021-05-28 16:52:00+00:00,234.2,0.8972471904516349,-1,2.1927197450501787,234.2,,-10.275280954836504,119.27197450501788
2021-05-28 16:53:00+00:00,234.6637,0.8990236785908852,-1,2.188386888516425,234.6637,,-10.097632140911486,118.83868885164247
2021-05-28 16:54:00+00:00,234.74,0.8993159926841023,-1,2.1876755742129665,234.74,,-10.068400731589762,118.76755742129666
2021-05-28 16:55:00+00:00,235.03,0.9004270161052423,-1,2.184976234058426,235.03,,-9.957298389475767,118.49762340584257
2021-05-28 16:56:00+00:00,235.34,0.9016146618312885,-1,2.1820980891083193,235.34,,-9.838533816871148,118.20980891083192
2021-05-28 16:57:00+00:00,235.1324,0.900819322306362,-1,2.1840246783971575,235.1324,,-9.918067769363802,118.40246783971574
2021-05-28 16:58:00+00:00,235.02,0.9003887049527892,-1,2.18506920385819,235.02,,-9.961129504721072,118.50692038581897
2021-05-28 16:59:00+00:00,233.3,0.8937991867308558,-1,2.201178586758473,233.3,,-10.620081326914416,120.11785867584729
2021-05-28 17:00:00+00:00,234.23,0.8973621239089943,1,2.2099531092003306,,234.23,-10.263787609100575,120.99531092003306
2021-05-28 17:01:00+00:00,234.5478,0.8985796523339538,-1,2.2069587383381704,234.5478,,-10.142034766604624,120.69587383381705
2021-05-28 17:02:00+00:00,234.8699,0.8998136545544683,-1,2.2039321205824733,234.8699,,-10.01863454455318,120.39321205824734
2021-05-28 17:03:00+00:00,234.86,0.8997757265135397,-1,2.204025022430356,234.86,,-10.022427348646033,120.4025022430356
2021-05-28 17:04:00+00:00,235.947,0.9039401487851918,1,2.2142258876240106,,235.947,-9.605985121480813,121.42258876240106
2021-05-28 17:05:00+00:00,235.511,0.9022697825382365,-1,2.2183250697726327,235.511,,-9.77302174617634,121.83250697726328
2021-05-28 17:06:00+00:00,235.0501,0.9005040215216731,-1,2.2226748914687655,235.0501,,-9.949597847832692,122.26748914687656
2021-05-28 17:07:00+00:00,235.92,0.9038367086735684,1,2.230900818146051,,235.92,-9.616329132643159,123.0900818146051
2021-05-28 17:08:00+00:00,235.5,0.9022276402705381,-1,2.2348794947644004,235.5,,-9.777235972946187,123.48794947644004
2021-05-28 17:09:00+00:00,236.191,0.9048749409050474,1,2.2414370392692082,,236.191,-9.51250590949526,124.14370392692084
2021-05-28 17:10:00+00:00,236.68,0.9067483562600042,1,2.2460776170736234,,236.68,-9.325164373999584,124.60776170736233
2021-05-28 17:11:00+00:00,238.48,0.9136443637015624,1,2.2631594985622687,,238.48,-8.635563629843759,126.31594985622687
2021-05-28 17:12:00+00:00,238.5999,0.914103714419475,-1,2.262022227239533,238.5999,,-8.589628558052496,126.2022227239533
2021-05-28 17:13:00+00:00,237.8533,0.9112434037773264,-1,2.269122510459724,237.8533,,-8.875659622267364,126.91225104597243
2021-05-28 17:14:00+00:00,238.41,0.9133761856343906,-1,2.2638239889984897,238.41,,-8.662381436560935,126.38239889984897
2021-05-28 17:15:00+00:00,237.11,0.9083957358154875,-1,2.2762358281689083,237.11,,-9.160426418451252,127.62358281689083
2021-05-28 17:16:00+00:00,236.07,0.9044113759603649,-1,2.2862637235444145,236.07,,-9.558862403963502,128.62637235444146
2021-05-28 17:17:00+00:00,236.4,0.9056756439913173,1,2.2894596697839606,,236.4,-9.432435600868274,128.94596697839606
2021-05-28 17:18:00+00:00,236.395,0.9056564884150907,-1,2.289508094236038,236.395,,-9.434351158490927,128.95080942360383
2021-05-28 17:19:00+00:00,237.0,0.9079743131385034,1,2.2953675768689736,,237.0,-9.202568686149661,129.53675768689737
2021-05-28 17:20:00+00:00,236.54,0.9062120001256607,-1,2.2998313846197123,236.54,,-9.378799987433922,129.98313846197124
2021-05-28 17:21:00+00:00,234.86,0.8997757265135397,-1,2.3162825330747965,234.86,,-10.022427348646033,131.62825330747964
2021-05-28 17:22:00+00:00,234.5,0.898396525025228,-1,2.3198384465584083,234.5,,-10.16034749747719,131.98384465584084
2021-05-28 17:23:00+00:00,234.8657,0.8997975638704379,1,2.3234562074108878,,234.8657,-10.020243612956222,132.34562074108877
2021-05-28 17:24:00+00:00,235.49,0.902189329118085,1,2.329632220810404,,235.49,-9.781067088191492,132.96322208104039
2021-05-28 17:25:00+00:00,234.31,0.8976686131286191,-1,2.3413643962214246,234.31,,-10.233138687138094,134.13643962214246
2021-05-28 17:26:00+00:00,234.04,0.8966342120123854,-1,2.3440655087961115,234.04,,-10.336578798761465,134.40655087961116
2021-05-28 17:27:00+00:00,234.9434,0.9000952415249984,1,2.3531136577477714,,234.9434,-9.990475847500164,135.31136577477713
2021-05-28 17:28:00+00:00,234.25,0.8974387462139004,-1,2.3600790750808867,234.25,,-10.256125378609966,136.00790750808866
2021-05-28 17:29:00+00:00,233.81,0.895753055505964,-1,2.364520436840587,233.81,,-10.424694449403603,136.4520436840587
2021-05-28 17:30:00+00:00,234.6,0.8987796365497589,1,2.3725097065258187,,234.6,-10.122036345024114,137.25097065258188
2021-05-28 17:31:00+00:00,234.46,0.8982432804154156,-1,2.3739263718798815,234.46,,-10.175671958458437,137.39263718798816
2021-05-28 17:32:00+00:00,234.305,0.8976494575523926,-1,2.375496797554286,234.305,,-10.235054244760747,137.54967975542863
2021-05-28 17:33:00+00:00,234.13,0.8969790123844632,-1,2.3772723578821897,234.13,,-10.30209876155368,137.72723578821896
2021-05-28 17:34:00+00:00,234.9669,0.9001852727332634,1,2.385769941431123,,234.9669,-9.981472726673658,138.5769941431123
2021-05-28 17:35:00+00:00,236.1,0.9045263094177243,1,2.397275033938347,,236.1,-9.547369058227574,139.7275033938347
2021-05-28 17:36:00+00:00,236.71,0.9068632897173635,1,2.403468755965888,,236.71,-9.313671028263641,140.34687559658877
2021-05-28 17:37:00+00:00,236.101,0.9045301405329697,-1,2.409668274275354,236.101,,-9.546985946703032,140.96682742753538
2021-05-28 17:38:00+00:00,238.47,0.9136060525491093,1,2.4338465036846246,,238.47,-8.639394745089064,143.38465036846247
2021-05-28 17:39:00+00:00,237.112,0.9084033980459781,-1,2.4477857541316865,237.112,,-9.159660195402182,144.77857541316865
2021-05-28 17:40:00+00:00,237.0201,0.9080513185549343,-1,2.4487348361327683,237.0201,,-9.194868144506572,144.87348361327685
2021-05-28 17:41:00+00:00,238.32,0.9130313852623129,1,2.462164542784183,,238.32,-8.696861473768706,146.2164542784183
2021-05-28 17:42:00+00:00,238.4701,0.9136064356606338,-1,2.460614784982799,238.4701,,-8.639356433936612,146.06147849827988
2021-05-28 17:43:00+00:00,236.655,0.9066525783788715,-1,2.4794872444542753,236.655,,-9.334742162112846,147.94872444542753
2021-05-28 17:44:00+00:00,235.48,0.902151017965632,-1,2.49185940987059,235.48,,-9.784898203436796,149.185940987059
2021-05-28 17:45:00+00:00,236.31,0.9053308436192395,1,2.500642505293525,,236.31,-9.466915638076046,150.06425052935248
2021-05-28 17:46:00+00:00,237.2,0.9087405361875656,1,2.5100605232771533,,237.2,-9.125946381243438,151.00605232771534
2021-05-28 17:47:00+00:00,238.11,0.9122268510607978,1,2.5196901821143465,,238.11,-8.77731489392022,151.96901821143464
2021-05-28 17:48:00+00:00,237.4094,0.9095427717199335,-1,2.5271258394286287,237.4094,,-9.045722828006646,152.71258394286286
2021-05-28 17:49:00+00:00,237.33,0.909238581169456,-1,2.527971302672427,237.33,,-9.076141883054405,152.79713026724272
2021-05-28 17:50:00+00:00,238.01,0.9118437395362669,-1,2.5207488309871313,238.01,,-8.81562604637331,152.07488309871314
2021-05-28 17:51:00+00:00,237.2001,0.9087409192990901,-1,2.529355718076203,237.2001,,-9.125908070090986,152.9355718076203
2021-05-28 17:52:00+00:00,236.94,0.9077444462237849,-1,2.532132308868267,236.94,,-9.225555377621504,153.2132308868267
2021-05-28 17:53:00+00:00,237.3,0.9091236477120966,1,2.535979559780703,,237.3,-9.087635228790333,153.59795597807027
2021-05-28 17:54:00+00:00,236.2,0.9049094209422553,-1,2.5477897948177852,236.2,,-9.509057905774469,154.77897948177852
2021-05-28 17:55:00+00:00,236.1501,0.9047182482915144,-1,2.5483281588106923,236.1501,,-9.528175170848556,154.83281588106922
2021-05-28 17:56:00+00:00,236.18,0.9048327986373492,-1,2.548005544652218,236.18,,-9.516720136265079,154.80055446522178
2021-05-28 17:57:00+00:00,236.16,0.904756176332443,-1,2.548221331029644,236.16,,-9.524382366755702,154.8221331029644
2021-05-28 17:58:00+00:00,236.65,0.9066334228026449,1,2.5535085450040875,,236.65,-9.336657719735513,155.35085450040876
2021-05-28 17:59:00+00:00,236.49,0.9060204443633953,-1,2.5552361502609724,236.49,,-9.39795556366046,155.52361502609725
2021-05-28 18:00:00+00:00,237.23,0.9088554696449248,1,2.563231730417398,,237.23,-9.114453035507523,156.32317304173984
2021-05-28 18:01:00+00:00,237.9399,0.9115751783575705,1,2.570902084948542,,237.9399,-8.842482164242952,157.0902084948542
2021-05-28 18:02:00+00:00,237.1335,0.9084857670237524,-1,2.5796447359923738,237.1335,,-9.15142329762476,157.96447359923735
2021-05-28 18:03:00+00:00,236.3001,0.9052929155783109,-1,2.588742810529693,236.3001,,-9.470708442168913,158.8742810529693
2021-05-28 18:04:00+00:00,236.97,0.9078593796811443,1,2.5960817782608703,,236.97,-9.214062031885575,159.608177826087
2021-05-28 18:05:00+00:00,237.3,0.9091236477120965,-1,2.592471550756336,237.3,,-9.087635228790347,159.2471550756336
2021-05-28 18:06:00+00:00,237.0,0.9079743131385034,-1,2.5957531603142554,237.0,,-9.202568686149661,159.57531603142553
2021-05-28 18:07:00+00:00,236.7,0.9068249785649104,-1,2.599043088274096,236.7,,-9.31750214350896,159.90430882740958
2021-05-28 18:08:00+00:00,237.0,0.9079743131385035,-1,2.595753160314255,237.0,,-9.202568686149647,159.57531603142547
2021-05-28 18:09:00+00:00,237.0947,0.9083371197522344,-1,2.5947163685838546,237.0947,,-9.166288024776563,159.47163685838547
2021-05-28 18:10:00+00:00,236.6,0.9064418670403794,-1,2.600141584930171,236.6,,-9.35581329596205,160.01415849301708
2021-05-28 18:11:00+00:00,235.245,0.9012507058829843,-1,2.6151182766667875,235.245,,-9.874929411701572,161.51182766667876
2021-05-28 18:12:00+00:00,234.64,0.8989328811595716,-1,2.621861144708824,234.64,,-10.106711884042838,162.1861144708824
2021-05-28 18:13:00+00:00,234.42,0.8980900358056033,-1,2.6243217259383944,234.42,,-10.19099641943967,162.43217259383943
2021-05-28 18:14:00+00:00,234.7146,0.8992186823568716,-1,2.621027831223445,234.7146,,-10.078131764312843,162.10278312234448
2021-05-28 18:15:00+00:00,234.95,0.9001205268856177,-1,2.6184017833346602,234.95,,-9.987947311438234,161.84017833346604
2021-05-28 18:16:00+00:00,235.03,0.9004270161052426,-1,2.617510526292296,235.03,,-9.957298389475739,161.7510526292296
2021-05-28 18:17:00+00:00,235.3238,0.9015525977643147,-1,2.614242584024558,235.3238,,-9.844740223568522,161.4242584024558
2021-05-28 18:18:00+00:00,235.4999,0.9022272571590139,-1,2.6122877291857796,235.4999,,-9.77727428409861,161.22877291857793
2021-05-28 18:19:00+00:00,235.59,0.9025724406426163,-1,2.6112886752174465,235.59,,-9.742755935738373,161.12886752174467
2021-05-28 18:20:00+00:00,236.18,0.9048327986373493,1,2.617828258045148,,236.18,-9.516720136265064,161.7828258045148
2021-05-28 18:21:00+00:00,236.89,0.9075528904615194,1,2.625697925515772,,236.89,-9.244710953848056,162.56979255157722
2021-05-28 18:22:00+00:00,236.113,0.9045761139159135,-1,2.634338564905072,236.113,,-9.542388608408643,163.4338564905072
2021-05-28 18:23:00+00:00,235.1327,0.9008204716409359,-1,2.645321478362777,235.1327,,-9.917952835906405,164.53214783627772
2021-05-28 18:24:00+00:00,235.5,0.9022276402705385,-1,2.6411956754795383,235.5,,-9.777235972946158,164.1195675479538
2021-05-28 18:25:00+00:00,235.58,0.9025341294901632,-1,2.6402987587037576,235.58,,-9.746587050983678,164.02987587037575
2021-05-28 18:26:00+00:00,235.79,0.9033386636916784,-1,2.6379472478706956,235.79,,-9.666133630832164,163.79472478706958
2021-05-28 18:27:00+00:00,236.1151,0.9045841592579288,-1,2.634315135183778,236.1151,,-9.541584074207123,163.4315135183778
2021-05-28 18:28:00+00:00,236.49,0.9060204443633955,1,2.6384978610839016,,236.49,-9.39795556366046,163.84978610839016
2021-05-28 18:29:00+00:00,236.49,0.9060204443633955,-1,2.6384978610839016,236.49,,-9.39795556366046,163.84978610839016
2021-05-28 18:30:00+00:00,236.6,0.9064418670403794,-1,2.637271171461251,236.6,,-9.35581329596205,163.72711714612512
2021-05-28 18:31:00+00:00,236.22,0.9049860432471616,-1,2.641513670170739,236.22,,-9.501395675283845,164.15136701707394
2021-05-28 18:32:00+00:00,235.4492,0.9020330196160765,-1,2.650161305146639,235.4492,,-9.79669803839235,165.01613051466387
2021-05-28 18:33:00+00:00,235.5,0.9022276402705384,-1,2.6495896355317705,235.5,,-9.777235972946158,164.95896355317706
2021-05-28 18:34:00+00:00,235.19,0.9010399945444921,-1,2.6530820152546113,235.19,,-9.896000545550791,165.30820152546113
2021-05-28 18:35:00+00:00,235.3596,0.9016897516900968,-1,2.651170205794588,235.3596,,-9.831024830990316,165.11702057945882
2021-05-28 18:36:00+00:00,234.918,0.8999979311977678,-1,2.656153888453554,234.918,,-10.000206880223217,165.61538884535543
2021-05-28 18:37:00+00:00,235.5,0.9022276402705383,1,2.6627344040508256,,235.5,-9.777235972946173,166.27344040508257
2021-05-28 18:38:00+00:00,235.5,0.9022276402705383,-1,2.6627344040508256,235.5,,-9.777235972946173,166.27344040508257
2021-05-28 18:39:00+00:00,234.95,0.9001205268856177,-1,2.66896766185984,234.95,,-9.987947311438234,166.896766185984
